id,firstname,email,dept,title
1,Redden,rosalee_emard73@gmail.com,Training,Programmer Analyst III
2,Wheaton,taryn66@hotmail.com,Engineering,Junior Executive
3,Hawk,myah.torp@hotmail.com,Engineering,Assistant Professor
4,Hitchcock,jane31@gmail.com,Training,Dental Hygienist
5,Frias,fidel_jacobi56@hotmail.com,Accounting,Chemical Engineer
6,Spann,kenyon.kuphal99@yahoo.com,Executive,Executive Secretary
7,Hummel,hilario_yundt54@hotmail.com,Legal,Professor
8,Gooden,katelynn91@gmail.com,Sales,Financial Assistant
9,Page,eldon27@yahoo.com,Research and Development,Marketing mANAGER
10,Marlow,colby.hahn@gmail.com,Marketing,Automation Specialist I
11,Rushing,bridgette_greenholt46@hotmail.com,Training,Statistician
12,Matheny,morris_skiles@yahoo.com,Engineering,Programmer Analyst III
13,McLaughlin,isadore.deckow84@yahoo.com,Engineering,Junior Executive
14,Begley,annette_padberg5@gmail.com,Training,Assistant Professor
15,Kong,edward.powlowski@gmail.com,Accounting,Dental Hygienist
16,Skinner,amaya_hills@hotmail.com,Executive,Chemical Engineer
17,Cummins,winona_kihn10@yahoo.com,Legal,Executive Secretary
18,Donohue,madyson.nitzsche49@hotmail.com,Sales,Professor
19,Scholl,selena75@gmail.com,Research and Development,Financial Assistant
20,Latham,tara_predovic@hotmail.com,Marketing,Marketing mANAGER
21,Prewitt,daniella32@hotmail.com,Training,Automation Specialist I
22,Gilley,olaf.fisher82@hotmail.com,Engineering,Statistician
23,Montez,aurelia38@gmail.com,Engineering,Programmer Analyst III
24,Tate,brian.rogahn@gmail.com,Training,Junior Executive
25,Kramer,richard.raynor98@hotmail.com,Accounting,Assistant Professor
26,Walden,destany.grant37@hotmail.com,Executive,Dental Hygienist
27,Shearer,may.fahey73@hotmail.com,Legal,Chemical Engineer
28,Jamison,clifton11@hotmail.com,Sales,Executive Secretary
29,York,brandt_kohler@gmail.com,Research and Development,Professor
30,Cepeda,quinton20@hotmail.com,Marketing,Financial Assistant
31,Foote,llewellyn37@gmail.com,Training,Marketing mANAGER
32,Gates,jodie28@yahoo.com,Engineering,Automation Specialist I
33,Dao,ashtyn.grant@gmail.com,Engineering,Statistician
34,Denson,cyrus.hamill85@gmail.com,Training,Programmer Analyst III
35,Rodriquez,christa_huels58@yahoo.com,Training,Junior Executive
36,Fallon,birdie59@gmail.com,Engineering,Assistant Professor
37,Cramer,caesar75@yahoo.com,Engineering,Dental Hygienist
38,Chamberlin,miles_sawayn@gmail.com,Training,Chemical Engineer
39,Webb,annabelle.wisoky@hotmail.com,Accounting,Executive Secretary
40,Gaffney,vito.bernhard@hotmail.com,Executive,Professor